,col
0,"Normal, Dry, Combination, and Oily "
1,"Normal, Dry, Combination, and Oily "
2,"Normal, Dry, Combination, and Oily "
3,"Normal, Dry, Combination, and Oily "
4,"Normal, Dry, Combination, and Oily "
5,"Normal, Dry, Combination, and Oily "
6,"Normal, Dry, Combination, and Oily, Sensitive "
7,"Normal, Dry, Combination, and Oily "
8,Normal
9,Normal
10,"Normal, Dry, Combination, and Oily, Sensitive "
11,Normal
12,"Normal, Dry, Combination, and Oily, Sensitive "
13,"Normal, Dry, Combination, and Oily "
14,"Normal, Dry, Combination, and Oily "
15,"Normal, Dry, Combination, and Oily "
16,"Normal, Dry, Combination, and Oily, Sensitive "
17,"Normal, Dry, Combination, and Oily, Sensitive "
18,Normal
19,"Normal, Dry, Combination, and Oily "
20,"Normal, Dry, Combination, and Oily, Sensitive "
21,Normal
22,Normal
23,Normal and Dry
24,"Normal, Dry, Combination, and Oily, Sensitive "
25,Normal
26,"Normal, Dry, Combination, and Oily, Sensitive "
27,"Normal, Dry, Combination, and Oily, Sensitive "
28,"Normal, Dry, Combination, and Oily "
29,"Normal, Dry, Combination, and Oily "
30,"Normal, Dry, Combination, and Oily "
31,"Normal, Dry, Combination, and Oily "
32,"Normal, Dry, Combination, and Oily "
33,"Normal, Dry, Combination, and Oily "
34,"Normal, Dry, Combination, and Oily "
35,"Normal, Dry, Combination, and Oily "
36,"Normal, Dry, Combination, and Oily "
37,"Normal, Dry, Combination, and Oily "
38,"Normal, Dry, Combination, and Oily "
39,"Normal, Dry, Combination, and Oily "
40,"Normal, Dry, Combination, and Oily "
41,"Normal, Combination, and Oily "
42,"Normal, Combination, and Oily "
43,"Normal, Dry, Combination, and Oily "
44,"Normal, Dry, Combination, and Oily "
45,"Normal, Dry, Combination, and Oily "
46,"Normal, Dry, Combination, and Oily "
47,"Normal, Dry, Combination, and Oily "
48,"Normal, Dry, Combination, and Oily "
49,"Normal, Combination, and Oily"
50,"Normal, Dry, Combination, and Oily"
51,"Normal, Combination, and Oily"
52,"Normal, Dry, Combination, and Oily, Sensitive "
53,Oily and Combination
54,"Normal, Dry, Combination, and Oily"
55,"Normal, Dry, Combination, and Oily, Sensitive "
56,"Normal, Dry, and Combination, Sensitive"
57,"Normal, Dry, Combination, and Oily "
58,"Normal, Dry, Combination, and Oily "
59,"Normal, Dry, Combination, and Oily, Sensitive "
60,"Normal, Dry, Combination, and Oily "
61,"Normal, Dry, Combination, and Oily, Sensitive "
62,"Normal, Dry, and Combination, Sensitive"
63,"Normal, Dry, Combination, and Oily "
64,"Normal, Dry, Combination, and Oily "
65,"Normal, Dry, Combination, and Oily, Sensitive "
66,"Normal, Dry, and Combination "
67,"Normal, Dry, and Combination "
68,"Normal, Dry, and Combination "
69,"Normal, Dry, Combination, and Oily "
70,"Normal, Dry, and Combination "
71,"Normal, Dry, Combination, and Oily "
72,"Normal, Dry, Combination, and Oily "
73,"Normal, Combination, and Oily"
74,"Combination, Oily"
75,"Normal, Dry, Combination, and Oily "
76,"Normal, Dry, Combination, and Oily "
77,"Combination, Oily"
78,"Combination, Oily"
79,"Normal, Dry, Combination, and Oily "
80,"Normal, Dry, Combination, and Oily "
81,"Normal, Dry, Combination, and Oily "
82,"Normal, Dry, Combination, and Oily "
83,"Normal, Dry, Combination, and Oily "
84,Normal
85,"Normal, Dry, Combination, and Oily "
86,Normal
87,"Normal, Dry, Combination, and Oily "
88,"Normal, Dry, Combination, and Oily "
89,"Normal, Dry, Combination, and Oily "
90,"Normal, Dry, Combination, and Oily "
91,"Normal, Dry, Combination, and Oily "
92,"Normal, Dry, Combination, and Oily "
93, Dry 
94,"Normal, Dry, Combination, and Oily "
95,"Normal, Dry, Combination, and Oily "
96,"Normal, Dry, Combination, and Oily "
97,"Normal, Dry, Combination, and Oily "
98,"Normal, Dry, Combination, and Oily "
99,"Normal, Dry, Combination, and Oily "
100,"Normal, Dry, Combination, and Oily "
101,"Normal, Dry, Combination, and Oily "
102,"Normal, Dry, Combination, and Oily "
103,"Normal, Dry, Combination, and Oily "
104,"Normal, Dry, Combination, and Oily "
105,"Normal, Dry, Combination, and Oily "
106,"Normal, Dry, Combination, and Oily "
107,"Normal, Dry, Combination, and Oily "
108,"Normal, Dry, Combination, and Oily "
109,"Normal, Dry, Combination, and Oily "
110,"Normal, Dry, Combination, and Oily "
111,"Normal, Combination, and Oily "
112,"Normal, Combination, and Oily "
113,Normal
114,"Normal, Dry, and Combination"
115,"Normal, Combination, and Oily "
116,"Normal, Dry, Combination, and Oily "
117,"Combination, Oily, Sensitive"
118,"Combination, Oily, Sensitive"
119,"Combination, Oily, Sensitive"
120,"Combination, Oily, Sensitive"
121,"Combination, Oily, Sensitive"
122,"Normal, Dry, and Combination "
123,"Combination, Oily, Sensitive"
124,"Normal, Dry, and Combination "
125,"Normal, Dry, and Combination "
126,"Normal, Dry, Combination, and Oily "
127,"Combination, Oily"
128,"Combination, Oily"
129,"Combination, Oily"
130,"Combination, Oily"
131,"Combination, Oily"
132,"Normal, Dry, Combination, and Oily "
133,"Normal, Combination, and Oily"
134,"Normal, Combination, and Oily"
135,"Normal, Dry, Combination, and Oily "
136,"Sensitive, Normal"
137,"Normal, Dry, Combination, and Oily "
138,"Normal, Dry, Combination, and Oily "
139,"Normal, Dry, Combination, and Oily "
140,"Normal, Dry, Combination, and Oily "
141,"Normal, Dry, Combination, and Oily "
142,"Normal, Dry, Combination, and Oily "
143,"Normal, Dry, Combination, and Oily "
144,"Normal, Dry, Combination, and Oily"
145,"Normal, Dry, Combination, and Oily "
146,"Normal, Dry, Combination, and Oily "
147,"Normal, Dry, Combination, and Oily "
148,"Normal, Dry, Combination, and Oily"
149,"Normal, Dry, Combination, and Oily "
150,"Normal, Dry, Combination, and Oily"
151,"Normal, Combination, and Oily "
152,"Normal, Dry, Combination, and Oily"
153,"Normal, Dry, Combination, and Oily"
154,"Normal, Dry, Combination, and Oily"
155,"Normal, Dry, Combination, and Oily "
156,"Normal, Dry, Combination, and Oily "
157,Normal and Dry  
158,Normal and Dry  
159,"Normal, Dry, Combination, and Oily "
160,"Normal, Dry, Combination, and Oily "
161,"Normal, Dry, Combination, and Oily "
162,"Normal, Dry, Combination, and Oily "
163,"Normal, Dry, Combination, and Oily "
164,Normal and Dry  
165,Dry
166,"Normal, Combination, and Oily"
167,"Normal, Combination, and Oily"
168,"Normal, Combination, and Oily"
169,"Normal, Dry, Combination, and Oily "
170,"Normal, Dry, Combination, and Oily "
171,"Normal, Combination, and Oily"
172,"Normal, Dry, Combination, and Oily "
173,"Normal, Combination, and Oily"
174,"Normal, Combination, and Oily"
175,"Normal, Combination, and Oily"
176, Dry 
177,"Normal, Dry, and Combination "
178,"Normal, Dry, Combination, and Oily "
179,"Normal, Dry, Combination, and Oily "
180,Normal and Dry 
181,"Normal, Combination, and Oily"
182,"Normal, Dry, Combination, and Oily "
183,Normal and Combination 
184,Combination and Oily 
185,"Normal, Dry, Combination, and Oily "
186,Combination and Oily 
187,Combination and Oily 
188,"Normal, Dry "
189,Normal and Dry
190,Normal and Dry 
191,Normal and Dry 
192,Normal and Dry
193,Combination and Oily 
194,Combination and Oily 
195,"Normal, Dry, Combination, and Oily "
196,Normal and Dry
197,"Normal, Dry, Combination, and Oily "
198,"Normal, Combination, and Oily"
199,"Normal, Dry, Combination, and Oily "
200,"Normal, Dry, Combination, and Oily "
201,"Normal, Dry, Combination, and Oily "
202,"Normal, Dry, Combination, and Oily "
203,"Normal, Combination, and Oily"
204,"Normal, Dry, Combination, and Oily "
205,Sensitive
206,Normal
207,"Normal, Combination, and Oily"
208,"Normal, Combination, and Oily"
209,Normal and Dry
210,Dry
211,Dry
212,"Normal, Dry, Combination, and Oily "
213,Dry
214,"Normal, Combination, and Oily"
215,"Normal, Dry, Combination, and Oily "
216,"Normal, Dry, Combination, and Oily "
217,"Normal, Combination, and Oily"
218,"Normal, Dry, Combination, and Oily "
219,"Normal, Dry, Combination, and Oily "
220,"Normal, Dry"
221,"Normal, Dry"
222,"Normal, Dry, Combination, and Oily "
223,"Normal, Dry, Combination, and Oily "
224,"Normal, Combination, and Oily"
225,"Normal, Dry, Combination, and Oily "
226,"Normal, Dry, Combination, and Oily "
227,"Normal, Dry, Combination, and Oily "
228,"Normal, Dry, Combination, and Oily "
229,"Normal, Combination, and Oily"
230,"Normal, Dry, Combination, and Oily "
231,"Normal, Dry, Combination, and Oily "
232,"Normal, Dry, Combination, and Oily "
233,Normal and Combination
234,"Normal, Dry, Combination, and Oily "
235,"Normal, Combination, and Oily"
236,Dry
237,Normal and Combination
238,"Combination, Oily"
239,Normal
240,Normal and Dry  
241,"Normal, Dry, Combination, and Oily "
242,"Combination, Oily"
243,"Normal, Dry, Combination, and Oily "
244,"Normal, Dry, Combination, and Oily "
245,"Normal, Dry, Combination, and Oily "
246,"Normal, Dry, Combination, and Oily "
247,"Normal, Dry, Combination, and Oily "
248,Dry
249,"Combination, Oily"
250,"Normal, Dry, Combination, and Oily "
251,"Combination, Oily"
252,"Normal, Dry, Combination, and Oily "
253,"Normal, Dry, Combination, and Oily "
254,"Normal, Dry, Combination, and Oily "
255,Dry
256,"Normal, Combination, and Oily"
257,"Combination, Oily"
258,"Normal, Combination, and Oily"
259,"Normal, Combination, and Oily"
260,"Normal, Combination, and Oily"
261,"Combination, Oily"
262,"Normal, Dry, Combination, and Oily "
263,"Normal, Dry, Combination, and Oily "
264,Dry
265,"Normal, Dry, Combination, and Oily "
266,Normal and Dry
267,"Combination, Oily"
268,Dry
269,"Normal, Dry, Combination, and Oily "
270,"Normal, Dry, Combination, and Oily "
271,"Normal, Dry, Combination, and Oily "
272,"Combination, Oily"
273,"Normal, Dry, Combination, and Oily "
274,"Normal, Dry, Combination, and Oily "
275,"Normal, Dry, Combination, and Oily "
276,"Normal, Dry, Combination, and Oily "
277,"Normal, Dry, Combination, and Oily "
278,"Normal, Dry, Combination, and Oily "
279,"Normal, Dry, Combination, and Oily "
280,"Normal, Dry, Combination, and Oily "
281,"Normal, Dry, Combination, and Oily "
282,"Normal, Dry, Combination, and Oily "
283,"Normal, Dry, Combination, and Oily "
284,"Combination, Oily"
285,"Combination, Oily"
286,"Normal, Dry, Combination, and Oily "
287,"Normal, Dry, Combination, and Oily "
288,"Normal, Dry, Combination, and Oily "
289,"Combination, Oily"
290,"Normal, Dry, Combination, and Oily "
291,"Combination, Oily"
292,"Combination, Oily"
293,"Normal, Dry, Combination, and Oily "
294,"Normal, Dry, Combination, and Oily "
295,Combination and Oily 
296,"Combination, Oily"
297,"Normal, Dry, Combination, and Oily "
298,Normal
299,"Normal, Dry, Combination, and Oily "
300,"Normal, Dry, Combination, and Oily "
301,"Normal, Dry, Combination, and Oily "
302,"Combination, Oily"
303,"Normal, Dry, Combination, and Oily "
304,Dry
305,"Combination, Oily"
306,"Combination, Oily"
307,"Normal, Dry, Combination, and Oily "
308,Normal
309,"Normal, Dry, Combination, and Oily "
310,Normal
311,"Normal, Dry, Combination, and Oily "
312,"Normal, Dry, Combination, and Oily "
313,"Normal, Dry, Combination, and Oily "
314,"Combination, Oily"
315,"Combination, Oily"
316,Normal and Dry
317,"Normal, Dry, Combination, and Oily "
318,Normal and Dry
319,"Normal, Combination, and Oily"
320,"Normal, Dry, Combination, and Oily "
321,"Dry, Combination, and Oily "
322,"Normal, Dry, Combination, and Oily "
323,"Normal, Combination, and Oily"
324,"Normal, Dry, Combination, and Oily "
325,"Normal, Dry, Combination, and Oily "
326,Combination and Oily
327,Dry
328,"Normal, Dry, Combination, and Oily "
329,"Normal, Dry, Combination, and Oily "
330,"Sensitive, Normal"
331,Combination and Oily
332,"Normal, Dry, Combination, and Oily "
333,"Normal, Dry, Combination, and Oily "
334,"Normal, Dry, Combination, and Oily "
335,"Normal, Dry, Combination, and Oily "
336,"Normal, Dry, Combination, and Oily "
337,Sensitive
338,"Normal, Dry, Combination, and Oily "
339,"Normal, Dry, Combination, and Oily "
340,Normal 
341,"Normal, Dry, Combination, and Oily "
342,Normal 
343,Normal 
344,"Normal, Dry, Combination, and Oily "
345,"Normal, Dry, Combination, and Oily "
346,"Normal, Dry, Combination, and Oily "
347,Combination and Oily
348,"Normal, Dry, Combination, and Oily "
349,"Normal, Combination, and Oily"
350,"Normal, Dry, Combination, and Oily "
351,Combination and Oily
352,"Normal, Dry, Combination, and Oily "
353,Combination and Oily
354,"Normal, Dry, Combination, and Oily "
355,"Normal, Dry, Combination, and Oily "
356,"Normal, Combination, and Oily"
357,"Normal, Combination, and Oily"
358,"Normal, Combination, and Oily"
359,"Normal, Dry, Combination, and Oily "
360,"Normal, Dry, Combination, and Oily "
361,"Normal, Dry, Combination, and Oily "
362,"Normal, Dry, Combination, and Oily "
363,Combination and Oily
364,Dry and Combination 
365,"Normal, Dry, Combination, and Oily "
366,"Normal, Dry, Combination, and Oily "
367,"Normal, Dry, Combination, and Oily "
368,"Normal, Dry, Combination, and Oily "
369,"Normal, Combination, and Oily"
370,"Normal, Dry, Combination, and Oily "
371,Normal and Dry
372,"Normal, Dry, Combination, and Oily "
373,"Normal, Dry, Combination, and Oily "
374,"Normal, Dry, Combination, and Oily "
375,"Normal, Dry, Combination, and Oily "
376,"Normal, Dry, Combination, and Oily "
377,Combination and Oily
378,"Normal, Combination, and Oily"
379,"Normal, Combination, and Oily"
380,"Normal, Combination, and Oily"
381,"Normal, Combination, and Oily"
382,"Normal, Dry, Combination, and Oily"
383,"Normal, Dry, Combination, and Oily"
384,"Normal, Combination, and Oily"
385,"Normal, Dry, Combination, and Oily "
386,"Normal, Dry, Combination, and Oily "
387,"Normal, Dry, Combination, and Oily "
388,Combination and Oily
389,"Normal, Dry, Combination, and Oily "
390,"Normal, Dry, Combination, and Oily "
391,"Normal, Dry, Combination, and Oily "
392,"Normal, Dry, Combination, and Oily "
393,"Normal, Dry, Combination, and Oily "
394,"Normal, Dry, Combination, and Oily "
395,Normal and Dry
396,"Normal, Dry, Combination, and Oily "
397,Combination and Oily
398,"Normal, Dry, Combination, and Oily "
399,Normal and Dry
400,Combination and Oily
401,"Normal, Dry, Combination, and Oily "
402,Normal and Dry
403,"Normal, Dry, Combination, and Oily "
404,"Normal, Dry, Combination, and Oily "
405,"Normal, Dry, Combination, and Oily "
406,"Normal, Dry, Combination, and Oily "
407,Combination and Oily
408,Combination and Oily
409,"Normal, Dry, Combination, and Oily "
410,Dry
411,"Normal, Dry, Combination, and Oily "
412,Dry and Combination
413,"Normal, Dry, Combination, and Oily "
414,Normal and Dry
415,"Normal, Dry, Combination, and Oily "
416,Normal and Dry 
417,"Normal, Dry, Combination, and Oily "
418,"Dry, Combination, and Oily "
419,"Normal, Dry, Combination, and Oily "
420,"Normal, Combination, and Oily "
421,"Normal, Combination, and Oily"
422,"Normal, Combination, and Oily"
423,"Normal, Dry, Combination, and Oily "
424,Normal and Dry 
425,"Normal, Dry, Combination, and Oily "
426,Normal and Dry 
427,"Normal, Combination, and Oily"
428,"Normal, Dry, Combination, and Oily "
429,"Normal, Dry, Combination, and Oily "
430,Normal and Dry 
431,"Normal, Dry, Combination, and Oily "
432,"Normal, Dry, Combination, and Oily "
433,"Normal, Combination, and Oily"
434,"Normal, Dry, Combination, and Oily "
435,"Normal, Dry, Combination, and Oily "
436,Normal and Dry 
437,"Normal, Dry, Combination, and Oily "
438,"Normal, Dry, Combination, and Oily "
439,"Normal, Dry, Sensitive"
440,Normal and Dry 
441,"Normal, Dry, Combination, and Oily "
442,"Normal, Dry, Combination, and Oily "
443,"Normal, Dry, Sensitive "
444,"Normal, Dry, Combination, and Oily "
445,"Normal, Dry, Combination  "
446,"Normal, Dry, Combination, and Oily "
447,"Normal, Combination, and Oily "
448,"Normal, Dry, Combination, and Oily "
449,"Normal, Dry, Combination, and Oily "
450,"Normal, Combination, and Oily "
451,"Normal, Dry, Combination, and Oily "
452,"Normal, Dry, Combination, and Oily "
453,"Normal, Dry, Combination, and Oily "
454,"Normal, Dry, Combination, and Oily "
455, Mature  
456,"Normal, Dry, Combination, and Oily "
457,"Normal, Combination, and Oily "
458,"Normal, Dry, Combination, and Oily "
459,"Normal, Dry, Combination, and Oily "
460,"Normal, Combination, and Oily "
461,"Normal, Dry, Combination, and Oily "
462,"Normal, Dry, Combination, and Oily "
463,"Normal, Dry, Combination, and Oily "
464,Normal and Dry
465,"Normal, Dry, Combination, and Oily"
466,"Normal, Dry, Combination, and Oily "
467,"Normal, Dry, Combination, and Oily "
468,"Normal, Combination, and Oily "
469,"Normal, Combination, and Oily "
470,"Normal, Dry, Combination, and Oily "
471,"Normal, Dry, Combination, and Oily "
472,"Normal, Dry, Combination, and Oily "
473,"Normal, Dry, Combination, and Oily "
474,"Normal, Dry, Combination, and Oily "
475,"Normal, Dry, Combination, and Oily "
476,Dry
477,Dry
478,Normal and Dry
479,Normal and Dry
480,Normal and Dry
481,Dry
482,"Normal, Dry, Combination, and Oily "
483,Combination and Oily
484,Normal and Dry
485,Normal and Dry
486,"Normal, Dry, Combination, and Oily "
487,"Normal, Dry, Combination, and Oily "
488,"Normal, Dry, Combination, and Oily "
489,"Normal, Dry, Combination, and Oily "
490,Combination and Oily
491,"Normal, Dry, Combination, and Oily "
492,"Normal, Dry, Combination, and Oily "
493,"Normal, Dry, Combination, and Oily "
494,"Normal, Dry, Combination, and Oily "
495,"Normal, Dry, Combination, and Oily "
496,"Normal, Combination"
497,Normal and Dry 
498,"Normal, Combination, and Oily "
499,Normal and Dry 
500,"Normal, Combination, and Oily "
501,Normal and Dry 
502,"Normal, Dry, Combination, and Oily "
503,Normal and Dry 
504,"Normal, Combination, and Oily "
505,"Normal, Combination, and Oily "
506,"Normal, Dry, Combination, and Oily "
507,Normal and Dry 
508,"Normal, Dry, Combination, and Oily "
509,"Normal, Dry, Combination, and Oily "
510,"Normal, Dry, Combination, and Oily "
511,"Normal, Dry, Combination, and Oily "
512,"Normal, Dry, Combination, and Oily "
513,"Normal, Dry, Combination, and Oily "
514,"Normal, Dry, Combination, and Oily "
515,"Normal, Dry, Combination, and Oily "
516,"Normal, Dry, Combination, and Oily "
517,"Normal, Dry, Combination, and Oily "
518,"Normal, Dry, Combination, and Oily "
519,"Normal, Combination, and Oily "
520,"Normal, Combination, and Oily "
521,"Normal, Dry, Combination, and Oily "
522,"Normal, Dry, Combination, and Oily "
523,"Normal, Dry, Combination, and Oily "
524,"Normal, Combination, and Oily "
525,"Normal, Combination, and Oily "
526,"Normal, Dry, Combination, and Oily "
527,"Normal, Dry, Combination, and Oily "
528,"Normal, Dry, Combination, and Oily "
529,"Normal, Dry, Combination, and Oily "
530,"Normal, Dry, Combination, and Oily "
531,"Normal, Combination, and Oily "
532,"Normal, Dry, Combination, and Oily "
533,"Normal, Dry, and Combination "
534,"Normal, Dry, Combination, and Oily "
535,"Normal, Dry, Combination, and Oily "
536,"Normal, Dry, Combination, and Oily "
537,Combination and Oily 
538,"Normal, Dry, Combination, and Oily "
539,"Normal, Dry, Combination, and Oily "
540,"Normal, Dry, Combination, and Oily "
541,Combination and Oily 
542,"Normal, Dry, Combination, and Oily "
543,Combination and Oily 
544,"Normal, Combination, and Oily "
545,"Normal, Dry, Combination, and Oily "
546,"Normal, Dry, Combination, and Oily "
547,"Normal, Dry, Combination, and Oily "
548,"Normal, Dry, Combination, and Oily "
549,Combination and Oily 
550,"Normal, Dry, Combination, and Oily "
551,"Normal, Dry, Combination, and Oily "
552,"Normal, Dry, Combination, and Oily "
553,"Normal, Dry, Combination, and Oily "
554,"Normal, Dry, Combination, and Oily "
555,"Normal, Dry, and Combination "
556,Combination and Oily 
557,"Normal, Dry, Combination, and Oily "
558,"Normal, Combination, and Oily "
559,"Normal, Dry, Combination, and Oily "
560,"Normal, Dry, Combination, and Oily "
561,"Normal, Dry, Combination, and Oily "
562,"Normal, Combination, and Oily "
563,"Normal, Dry, Combination, and Oily "
564,"Normal, Combination, and Oily "
565,"Normal, Dry, Combination, and Oily "
566,"Normal, Dry, Combination, and Oily "
567,"Normal, Dry, Combination, and Oily "
568,"Normal, Dry, Combination, and Oily "
569,"Normal, Dry, Combination, and Oily "
570,"Normal, Dry, Combination, and Oily "
571,"Normal, Combination, and Oily "
572,"Normal, Dry, Combination, and Oily "
573,"Normal, Dry, Combination, and Oily "
574,"Normal, Dry, Combination, and Oily "
575,"Normal, Dry, Combination, and Oily "
576,"Normal, Dry, Combination, and Oily "
577,"Normal, Combination, and Oily "
578,"Normal, Combination, and Oily "
579,"Normal, Dry, Combination, and Oily "
580,"Normal, Dry, Combination, and Oily "
581,"Normal, Dry, Combination, and Oily "
582,"Normal, Dry, Combination, and Oily "
583,"Normal, Dry, Combination, and Oily "
584,"Normal, Dry, Combination, and Oily "
585,Sensitive
586,Normal 
587,"Normal, Dry, Combination, and Oily "
588,"Normal, Dry, Combination, and Oily "
589,"Normal, Dry, Combination, and Oily "
590,"Normal, Dry, Combination, and Oily "
591,"Normal, Dry, Combination, and Oily "
592,"Normal, Dry, Combination, and Oily "
593,Normal and Dry
594,"Normal, Combination, and Oily "
595,"Normal, Dry, Combination, and Oily "
596,"Normal, Combination, and Oily "
597,"Normal, Dry, Combination, and Oily "
598,"Normal, Dry, Combination, and Oily "
599,"Normal, Dry, Combination, and Oily "
600,Normal and Dry
601,"Normal, Dry, Combination, and Oily "
602,"Normal, Dry, Combination, and Oily "
603,"Normal, Dry, Combination, and Oily "
604,Combination and Oily
605,Normal and Dry
606,"Normal, Dry, Combination, and Oily "
607,"Normal, Dry, Combination, and Oily "
608,"Normal, Dry, Combination, and Oily "
609,Normal and Dry
610,Normal and Dry
611,Normal and Dry
612,"Normal, Combination, and Oily "
613,"Normal, Dry, Combination, and Oily "
614,"Normal, Dry, Combination, and Oily "
615,"Normal, Dry, Combination, and Oily "
616,Normal and Dry
617,Normal and Dry
618,"Normal, Dry, Combination, and Oily "
619,"Normal, Dry, Combination"
620,"Normal, Dry, Combination, and Oily "
621,"Normal, Dry, Combination, and Oily "
622,"Normal, Dry, and Combination"
623,Normal and Dry
624,"Normal, Dry, Combination, and Oily"
625,"Normal, Dry, Combination, and Oily"
626,Normal and Dry
627,Normal and Dry
628,"Normal, Dry, Combination, and Oily "
629,"Normal, Dry, Combination, and Oily "
630,Combination and Oily 
631,"Normal, Dry, Combination, and Oily"
632,"Normal, Dry, Combination, and Oily"
633,Normal and Dry
634,Normal and Dry
635,Normal and Dry
636,"Normal, Dry, Combination, and Oily "
637,Combination and Oily
638,"Normal, Dry, Combination, and Oily "
639,Combination and Oily
640,"Normal, Dry, Combination, and Oily "
641,"Normal, Dry, Combination, and Oily "
642,"Normal, Dry, Combination, and Oily "
643,"Normal, Dry, Combination, and Oily "
644,"Normal, Dry, Combination, and Oily "
645,"Normal, Dry, Combination, and Oily "
646,"Normal, Dry, Combination, and Oily "
647,"Normal, Dry, Combination, and Oily "
648,"Normal, Dry, Combination, and Oily "
649,"Normal, Dry, Combination, and Oily "
650,"Normal, Dry, Combination, and Oily "
651,Combination and Oily
652,"Normal, Dry, Combination, and Oily"
653,Normal and Dry
654,"Normal, Dry, Combination, and Oily "
655,Combination and Oily
656,"Normal, Dry, Combination, and Oily "
657,Combination and Oily
658,"Normal, Dry, Combination, and Oily "
659,"Normal, Dry, Combination, and Oily "
660,"Normal, Dry, Combination, and Oily "
661,Combination and Oily 
662,"Normal, Dry, Combination, and Oily "
663,"Normal, Dry, Combination, and Oily "
664,"Normal, Dry, Combination, and Oily "
665,"Normal, Dry, Combination, and Oily "
666,Normal and Dry
667,Normal and Dry
668,Combination and Oily 
669,"Normal, Combination, and Oily"
670,"Normal, Combination, and Oily"
671,Dry
672,"Normal, Dry, Combination, and Oily "
673,"Normal, Combination, and Oily"
674,"Normal, Dry, Combination, and Oily "
675,"Normal, Dry, Combination, and Oily "
676,"Normal, Dry, Combination, and Oily "
677,"Normal, Dry, Combination, and Oily "
678,"Normal, Combination, and Oily "
679,"Normal, Dry, Combination, and Oily "
680,Normal and Dry
681,"Normal, Dry, Combination, and Oily "
682,"Normal, Dry, Combination, and Oily "
683,"Normal, Combination, and Oily "
684,"Normal, Dry, Combination, and Oily "
685,"Normal, Dry, Combination, and Oily "
686,"Normal, Combination, and Oily "
687,Normal and Dry
688,Normal and Dry
689,Normal and Dry
690,Dry
691,Dry
692,"Normal, Dry, Combination, and Oily "
693,Normal and Dry
694,Normal and Dry
695,Normal and Dry
696,"Normal, Dry, Combination, and Oily "
697,"Normal, Combination, and Oily "
698,"Normal, Dry, Combination, and Oily "
699,Sensitive
700,"Normal, Dry, Combination, and Oily "
701,"Normal, Dry, Combination, and Oily "
702,"Normal, Dry, Combination, and Oily "
703,"Normal, Dry, Combination, and Oily "
704,Dry 
705,"Normal, Dry, Combination, and Oily "
706,"Normal, Dry, Combination, and Oily "
707," Normal, Dry, Combination, and Oily"
708,"Normal, Dry, Combination, and Oily"
709,"Normal, Dry, Combination, and Oily "
710,Sensitive
711,"Sensitive, Dry"
712,"Normal, Dry, Combination, and Oily "
713,"Normal, Dry, Combination, and Oily "
714,Oily 
715,Oily 
716,"Normal, Dry, Combination, and Oily "
717,Dry
718,Dry
719,Dry
720,"Normal, Dry, Combination, and Oily"
721,"Normal, Dry, Combination, and Oily "
722,"Normal, Dry, Combination, and Oily "
723,Normal and Oily
724,Normal and Oily
725,"Normal, Dry, Combination, and Oily "
726,"Normal, Dry, Combination, and Oily "
727,"Normal, Dry, Combination, and Oily
"
728,Normal and Dry
729,"Normal, Dry, Combination, and Oily "
730,"Normal, Dry, Combination, and Oily "
731,Normal and Combination
732,"Normal, Dry, Combination, and Oily "
733,"Normal, Dry, Combination, and Oily "
734,"Normal, Dry, Combination, and Oily "
735,"Normal, Dry, Combination, and Oily "
736,"Normal, Dry, Combination, and Oily "
737,Normal and Combination
738,Sensitive
739,"Normal, Dry, Combination, and Oily"
740,"Normal, Combination, and Oily"
741,"Normal, Dry, Combination, and Oily"
742,"Normal, Dry, Combination, and Oily"
743,"Normal, Dry, Combination, and Oily"
744,"Normal, Combination, and Oily"
745,"Normal, Dry, Combination, and Oily"
746,"Normal, Dry, Combination, and Oily"
747,"Normal, Dry, and Combination "
748,"Normal, Dry, Combination, and Oily"
749,"Normal, Dry, Combination, and Oily"
750,"Normal, Dry, Combination, and Oily"
751,"Normal, Dry, Combination, and Oily "
752,"Normal, Dry, Combination, and Oily"
753,Dry
754,Dry
755,"Normal, Dry, Combination, and Oily"
756,"Normal, Dry, Combination, and Oily"
757,Normal and Dry
758,Normal and Dry
759,"Normal, Dry, Combination, and Oily"
760,Normal and Dry
761,"Normal, Dry, Combination, and Oily"
762,Normal and Dry
763,"Normal, Dry, Combination, and Oily"
764,"Normal, Dry, Combination, and Oily "
765,"Normal, Dry, Combination, and Oily "
766,Dry
767,Normal and Dry
768,Normal and Dry
769,"Normal, Dry, Combination, and Oily "
770,"Normal, Dry, Combination, and Oily "
771,"Normal, Dry, Combination, and Oily "
772,"Normal, Dry, Combination, and Oily "
773,"Normal, Dry, Combination, and Oily "
774,"Normal, Dry, Combination, and Oily "
775,"Normal, Dry, Combination, and Oily "
776,Normal and Dry
777,"Normal, Dry, Combination, and Oily "
778,"Normal, Dry, Combination, and Oily "
779,"Normal, Dry, Combination, and Oily "
780,"Normal, Dry, Combination, and Oily "
781,"Normal, Dry, Combination, and Oily"
782,"Normal, Dry, Combination, and Oily "
783,"Normal, Dry, Combination, and Oily "
784,"Normal, Dry, Combination, and Oily "
785,"Normal, Dry, Combination, and Oily "
786,"Normal, Dry, Combination, and Oily "
787,"Normal, Dry, Combination, and Oily "
788,"Normal, Dry, Combination, and Oily "
789,"Normal, Combination, and Oily"
790,"Normal, Dry, and Combination"
791,"Normal, Combination, and Oily "
792,"Normal, Dry, and Combination"
793,"Normal, Combination, and Oily"
794,"Normal, Dry, and Combination"
795,"Normal, Dry, Combination, and Oily "
796,"Normal, Dry, Combination, and Oily "
797,"Normal, Dry, Combination, and Oily "
798,"Normal, Combination, and Oily"
799,"Normal, Combination, and Oily"
800,"Normal, Dry, Combination, and Oily "
801,"Normal, Dry, Combination, and Oily "
802,"Normal, Dry, Combination, and Oily "
803,"Normal, Dry, and Combination"
804,"Normal, Dry, and Combination "
805,"Normal, Dry, and Combination "
806,"Normal, Dry, and Combination"
807,Normal 
808,"Normal, Dry, and Combination "
809,Normal 
810,Dry 
811,Normal and Dry 
812,Normal and Dry 
813,Sensitive
814,"Normal, Combination, and Oily"
815,"Normal, Dry, and Combination"
816,"Normal, Dry, Combination, and Oily"
817,Normal and Dry 
818,"Normal, Dry, Combination, and Oily"
819,"Normal, Combination, and Oily "
820,"Normal, Combination, and Oily "
821,"Normal, Combination, and Oily "
822,"Normal, Dry, Combination, and Oily "
823,Normal 
824,Normal and Dry 
825,Normal and Combination
826,Normal 
827,Combination and Oily
828,"Normal, Dry, Combination, and Oily "
829,Normal 
830,Normal and Dry 
831,Normal 
832,Combination and Oily
833,"Normal, Combination, and Oily"
834,Normal and Dry 
835,"Normal, Dry, Combination, and Oily "
836,Normal and Dry 
837,"Normal, Dry, Combination, and Oily "
838,"Normal, Dry, Combination, and Oily, Sensitive "
839,"Normal, Dry, Combination, and Oily, Sensitive "
840,"Normal, Dry, Combination, and Oily, Sensitive "
841,"Normal, Dry, Combination, and Oily, Sensitive "
842,Sensitive
843,Normal
844,"Normal, Dry, Combination, and Oily "
845,Combination 
846,"Sensitive, Normal"
847,"Normal, Dry, Combination, and Oily"
848,"Normal, Combination"
849,Combination and Oily
850,"Normal, Dry, Combination "
851,"Normal, Dry, Combination, and Oily"
852,"Normal, Dry, Combination, and Oily"
853,"Normal, Dry, Combination, and Oily"
854,"Normal, Dry, Combination, and Oily"
855,"Normal, Dry, Combination, and Oily"
856,"Normal, Dry, Combination, and Oily"
857,"Normal, Dry, Combination, and Oily"
858,"Normal, Dry, Combination, and Oily"
859,"Normal, Combination, and Oily"
860,"Normal, Dry, Combination, and Oily"
861,Dry 
862,"Normal, Dry, Combination, and Oily"
863,"Normal, Dry, Combination, and Oily "
864,"Normal, Dry, Combination, and Oily "
865,"Normal, Dry, Combination, and Oily "
866,"Normal, Dry, Combination, and Oily "
867,"Normal, Dry, Combination, and Oily "
868,"Normal, Dry, Combination, and Oily "
869,"Normal, Dry, Combination, and Oily"
870,"Normal, Dry, Combination, and Oily "
871,"Normal, Dry, Combination, and Oily "
872,"Normal, Dry, Combination, and Oily "
873,"Normal, Dry, Combination, and Oily"
874,"Normal, Dry, Combination, and Oily"
875,"Normal, Dry, Combination, and Oily"
876,"Normal, Dry, Combination, and Oily "
877,"Normal, Dry, Combination, and Oily"
878,"Normal, Dry, Combination, and Oily"
879,"Normal, Dry, Combination, and Oily "
880,"Normal, Dry, Combination, and Oily"
881,"Normal, Dry, Combination, and Oily"
882,"Normal, Dry, Combination, and Oily"
883,"Normal, Dry, Combination, and Oily"
884,"Normal, Dry, Combination, and Oily"
885,"Normal, Dry, Combination, and Oily"
886,"Normal, Dry, Combination, and Oily"
887,"Normal, Dry, Combination, and Oily"
888,Normal and Dry
889,Normal and Dry
890,Normal and Dry
891,"Normal, Dry, Combination, and Oily"
892,"Normal, Combination, and Oily"
893,Normal and Dry
894,"Normal, Dry, Combination, and Oily"
895,"Normal, Dry, Combination, and Oily"
896,"Normal, Dry, Combination, and Oily"
897,"Normal, Dry, Combination, and Oily "
898,"Normal, Combination, and Oily"
899,"Normal, Dry, Combination, and Oily "
900,"Normal, Dry, Combination, and Oily "
901,"Normal, Combination, and Oily"
902,"Normal, Dry, Combination, and Oily "
903,Normal and Dry
904,"Normal, Dry, Combination, and Oily "
905,Normal and Dry
906,"Normal, Combination, and Oily"
907,"Normal, Combination, and Oily"
908,Normal
909,"Normal, Dry, Combination, and Oily "
910,"Normal, Dry, Combination, and Oily "
911,Dry
912,"Normal, Combination, and Oily"
913,"Normal, Dry, Combination, and Oily "
914,Combination and Oily 
915,"Normal, Dry, and Combination "
916,Combination and Oily 
917,Combination and Oily 
918,"Normal, Dry, Combination, and Oily"
919,"Normal, Combination, and Oily "
920,Normal and Dry
921,"Normal, Combination, and Oily "
922,Dry
923,"Normal, Combination, and Oily "
924,"Normal, Combination, and Oily "
925,"Normal, Dry, Combination, and Oily "
926,"Normal, Dry, Combination, and Oily "
927,"Normal, Dry, Combination, and Oily "
928,Normal and Dry
929,Normal and Dry
930,"Normal, Combination, and Oily"
931,"Normal, Combination, and Oily"
932,"Normal, Dry, and Combination"
933,"Normal, Combination, and Oily"
934,"Normal, Dry, Combination, and Oily "
935,"Normal, Dry, Combination, and Oily "
936,"Normal, Dry, Combination, and Oily "
937,"Normal, Dry, and Combination "
938,"Normal, Dry, and Combination "
939,"Normal, Dry, Combination, and Oily "
940,"Normal, Dry, Combination, and Oily"
941,"Normal, Dry, Combination, and Oily "
942,"Normal, Dry, Combination, and Oily "
943,"Normal, Dry, Combination, and Oily "
944,"Normal, Dry, Combination, and Oily "
945,Dry and Normal  
946,"Normal, Dry, Combination, and Oily "
947,"Normal, Dry, Combination, and Oily "
948,"Normal, Dry, Combination, and Oily "
949,"Normal, Dry, Combination, and Oily "
950,"Normal, Dry, Combination, and Oily "
951,"Normal, Dry, Combination, and Oily "
952,Dry and Normal  
953,"Normal, Dry, Combination, and Oily "
954,"Normal, Dry, Combination, and Oily "
955,"Normal, Dry, Combination, and Oily "
956,"Normal, Dry, Combination, and Oily "
957,Normal
958,"Normal, Dry, Combination, and Oily "
959,"Normal, Dry, Combination, and Oily "
960,Normal 
961,Dry and Normal  
962,"Normal, Dry, Combination, and Oily"
963,"Normal, Dry, Combination, and Oily"
964,"Normal, Dry, Combination, and Oily"
965,"Normal, Dry, Combination, and Oily"
966,"Normal, Dry, and Combination"
967,Dry
968,"Normal, Dry, Combination, and Oily "
969,Dry
970,"Normal, Dry, Combination, and Oily "
971,"Normal, Dry, Combination, and Oily "
972,"Normal, Dry, and Combination"
973,"Normal, Dry, and Combination"
974,"Normal, Dry, Combination, and Oily "
975,"Normal, Dry, Combination, and Oily "
976,"Normal, Dry, Combination, and Oily "
977,"Normal, Combination, and Oily"
978,"Normal, Dry, Combination, and Oily "
979,Combination and Oily
980,"Normal, Combination, and Oily"
981,Normal and Dry
982,"Normal, Dry, Combination, and Oily "
983,"Normal, Combination, and Oily"
984,"Normal, Dry, Combination, and Oily "
985,"Normal, Dry, Combination, and Oily "
986,"Normal, Dry, Combination, and Oily "
987,"Normal, Dry, Combination, and Oily "
988,Normal and Dry
989,Normal and Dry
990,"Normal, Dry, Combination, and Oily "
991,"Normal, Dry, Combination, and Oily "
992,"Normal, Dry, Combination, and Oily "
993,"Normal, Dry, Combination, and Oily "
994,"Normal, Dry, Combination, and Oily "
995,ERROR
996,"Normal, Dry, Combination, and Oily "
997,Normal and Dry
998,Combination and Oily
999,Normal and Dry
1000,"Normal, Dry, Combination, and Oily "
1001,"Normal, Dry, Combination, and Oily "
1002,"Normal, Dry, Combination, and Oily "
1003,Normal 
1004,"Normal, Dry, Combination, and Oily "
1005,"Normal, Dry, Combination, and Oily "
1006,"Normal, Dry, Combination, and Oily "
1007,Dry 
1008,"Normal, Dry, Combination, and Oily "
1009,"Normal, Dry, Combination, and Oily "
1010,"Normal, Dry, Combination, and Oily "
1011,"Normal, Dry, Combination, and Oily "
1012,"Normal, Dry, Combination, and Oily "
1013,Normal 
1014,Normal 
1015,Oily 
1016,Normal 
1017,"Normal, Dry, Combination, and Oily "
1018,"Normal, Dry, Combination, and Oily "
1019,Normal
1020,"Normal, Dry, Combination, and Oily "
1021,Dry and Combination
1022,Oily 
1023,"Normal, Dry, Combination, and Oily "
1024,"Normal, Dry, Combination, and Oily "
1025,"Normal, Dry, Combination, and Oily "
1026,"Normal, Dry, Combination, and Oily "
1027,"Normal, Dry, Combination, and Oily "
1028,"Normal, Combination, and Oily"
1029,"Normal, Dry, and Combination"
1030,"Normal, Dry, and Combination"
1031,"Normal, Dry, Combination, and Oily "
1032,"Normal, Combination, and Oily"
1033,"Normal, Dry, Combination, and Oily "
1034,"Normal, Combination, and Oily "
1035,"Normal, Dry, Combination, and Oily "
1036,"Normal, Dry, Combination, and Oily "
1037,"Normal, Dry, Combination, and Oily"
1038,Normal and Combination 
1039,Combination and Oily 
1040,"Normal, Combination, and Oily "
1041,Combination and Oily 
1042,"Normal, Dry, Combination, and Oily"
1043,"Normal, Dry, Combination, and Oily"
1044,"Normal, Combination, and Oily "
1045,"Normal, Dry, Combination, and Oily "
1046,Normal and Dry 
1047,"Normal, Dry, Combination, and Oily"
1048, Combination and Oily 
1049, Combination and Oily 
1050,"Normal, Dry, Combination, and Oily "
1051,"Normal, Dry, Combination, and Oily "
1052,Normal and Dry 
1053,"Normal, Dry, Combination, and Oily "
1054,"Normal, Combination, and Oily "
1055,"Normal, Dry, Combination, and Oily "
1056,"Normal, Combination, and Oily "
1057,"Normal, Dry, Combination, and Oily "
1058, Combination and Oily
1059,"Normal, Combination, and Oily "
1060, Combination and Oily
1061,"Normal, Dry, Combination, and Oily "
1062,"Normal, Combination, and Oily "
1063,"Normal, Dry, Combination, and Oily "
1064,"Normal, Dry, Combination, and Oily "
1065,"Normal, Combination, and Oily "
1066,"Normal, Dry, Combination, and Oily "
1067,"Normal, Dry "
1068,"Normal, Dry, Combination, and Oily "
1069,"Normal, Dry, Combination, and Oily "
1070,"Normal, Dry "
1071,"Normal, Dry, Combination, and Oily "
1072,"Normal, Dry, Combination, and Oily "
1073,"Normal, Dry, Combination, and Oily "
1074,"Normal, Dry, Combination, and Oily "
1075,"Normal, Dry "
1076,Combination and Oily
1077,"Normal, Combination, and Oily"
1078,Oily 
1079,"Normal, Dry, Combination, and Oily "
1080,"Normal, Dry, Combination, and Oily "
1081,"Normal, Dry, Combination, and Oily "
1082,"Normal, Dry, Combination, and Oily "
1083,Combination and Oily 
1084,"Normal, Dry, Combination, and Oily "
1085,"Normal, Dry, Combination, and Oily "
1086,Combination and Oily 
1087,"Normal, Combination, and Oily"
1088,"Normal, Combination, and Oily"
1089,"Normal, Dry, Combination, and Oily "
1090,Combination and Oily 
1091,"Normal, Dry, Combination, and Oily "
1092,"Normal, Dry, Combination, and Oily "
1093,"Normal, Dry "
1094,"Normal, Dry, Combination, and Oily "
1095,"Normal, Dry, Combination, and Oily "
1096,"Normal, Combination, and Oily"
1097,"Normal, Combination, and Oily"
1098,Sensitive
1099,"Normal, Combination, and Oily"
1100,"Normal, Dry "
1101,"Normal, Combination, and Oily"
1102,"Normal, Dry, Combination, and Oily "
1103,"Normal, Dry, Combination, and Oily "
1104,"Normal, Dry "
1105,"Normal, Dry, Combination, and Oily "
1106,"Normal, Dry "
1107,"Normal, Dry "
1108,"Normal, Dry "
1109,"Normal, Dry, Combination, and Oily "
1110,"Normal, Dry, Combination, and Oily "
1111,Normal and Dry 
1112,"Normal, Dry, Combination, and Oily "
1113,"Normal, Dry, Combination, and Oily "
1114,"Normal, Dry, Combination, and Oily "
1115,"Normal, Dry, Combination, and Oily "
1116,Normal and Dry 
1117,"Normal, Dry, Combination, and Oily "
1118,"Normal, Dry, Combination, and Oily "
1119,"Normal, Dry, Combination, and Oily "
1120,"Normal, Dry, Combination, and Oily "
1121,"Normal, Dry, Combination, and Oily "
1122,"Normal, Dry, Combination, and Oily "
1123,"Normal, Dry, Combination, and Oily "
1124,"Normal, Dry, Combination, and Oily "
1125,"Normal, Dry, Combination, and Oily "
1126,"Normal, Combination, and Oily "
1127,Combination and Oily
1128,"Normal, Dry, Combination, and Oily "
1129,"Normal, Dry, Combination, and Oily "
1130,"Normal, Dry, Combination, and Oily "
1131,Combination and Oily
1132,Normal and Dry
1133,"Normal, Dry, Combination, and Oily "
1134,"Normal, Dry, Combination, and Oily "
1135,Dry
1136,"Normal, Dry, Combination, and Oily "
1137,Combination and Oily
1138,"Normal, Dry "
1139,"Normal, Dry, Combination, and Oily "
1140,Sensitive
1141,"Normal, Dry "
1142,"Normal, Dry "
1143,"Normal, Dry, Combination, and Oily "
1144,"Normal, Dry, Combination, and Oily "
1145,"Normal, Dry, Combination, and Oily "
1146,Combination and Oily
1147,Combination and Oily
1148,Combination and Oily
1149,"Normal, Dry, Combination, and Oily "
1150,"Normal, Dry, Combination, and Oily "
1151,Combination and Oily
1152,"Normal, Combination, and Oily"
1153,"Normal, Dry, Combination, and Oily "
1154,"Normal, Combination, and Oily"
1155,"Normal, Combination, and Oily"
1156,"Normal, Dry, Combination, and Oily "
1157,"Normal, Dry, Combination, and Oily "
1158,"Normal, Dry, Combination, and Oily "
1159,"Normal, Dry, Combination, and Oily "
1160,"Normal, Dry, Combination, and Oily "
1161,Normal and Dry
1162,Normal and Dry
1163,"Normal, Combination, and Oily"
1164,"Dry, Normal, and Combination "
1165,Oily 
1166,Normal 
1167,"Normal, Dry, Combination, and Oily "
1168,Dry 
1169,Normal 
1170,Combination and Oily 
1171,Combination 
1172,Normal 
1173,"Normal, Dry, Sensitive"
1174,"Normal, Dry, Combination, and Oily "
1175,"Normal, Combination, and Oily "
1176,"Normal, Dry, Combination, and Oily "
1177,"Normal, Dry, Combination, and Oily "
1178,Combination and Oily 
1179,Dry
1180,Combination and Oily 
1181,Dry 
1182,"Normal, Dry, Combination, and Oily "
1183,"Normal, Dry, Combination, and Oily "
1184,Combination and Oily 
1185,Dry 
1186,Normal and Oily
1187,Normal 
1188,Dry 
1189,"Normal, Dry, Combination, and Oily "
1190,Oily 
1191,"Normal, Dry, Combination, and Oily "
1192,"Normal, Dry, Combination, and Oily "
1193,Dry
1194,"Normal, Dry, and Combination"
1195,"Normal, Dry, and Combination"
1196,Combination and Oily 
1197,Combination and Oily 
1198,Normal and Dry 
1199,Combination and Oily 
1200,Normal and Dry 
1201,"Normal, Dry, Combination, and Oily "
1202,"Normal, Dry, Combination, and Oily "
1203,Sensitive
1204,"Normal, Dry, Combination, and Oily "
1205,Combination and Oily 
1206,"Normal, Combination, and Oily"
1207,Normal and Dry 
1208,"Normal, Combination, and Oily"
1209,Dry 
1210,"Normal, Dry, Combination, and Oily "
1211,"Normal, Dry, and Sensitive"
1212,"Normal, Dry, Combination, and Oily "
1213,Combination and Oily 
1214,Normal and Dry
1215,"Normal, Dry, Combination, and Oily "
1216,Combination and Oily 
1217,Combination and Oily 
1218,"Normal, Dry, Combination, and Oily "
1219,Oily 
1220,"Normal, Dry, and Combination "
1221,"Normal, Dry, and Combination "
1222,"Normal, Dry, Combination, and Oily "
1223,Sensitive
1224,Oily 
1225,"Normal, Dry, Combination, and Oily "
1226,Combination and Oily 
1227,Combination and Oily 
1228,Combination and Oily 
1229,Normal and Dry
1230,"Normal, Combination "
1231,Combination and Oily 
1232,"Normal, Dry, Combination, and Oily "
1233,Combination and Oily 
1234,"Normal, Dry"
1235,Dry
1236,Oily 
1237,"Normal, Dry"
1238,Dry
1239,"Normal, Dry, Combination, and Oily "
1240,"Normal, Dry, Combination, and Oily "
1241,"Normal, Dry, Combination, and Oily "
1242,"Normal, Dry, Combination, and Oily "
1243,Dry
1244,Dry
1245,Dry
1246,"Normal, Dry, Combination, and Oily"
1247,Dry
1248,"Normal, Dry, Combination, and Oily"
1249,Dry
1250,Dry
1251,"Normal, Dry, Combination, and Oily "
1252,Normal and Dry
1253,"Normal, Dry, Combination, and Oily "
1254,"Normal, Dry, Combination, and Oily"
1255,"Normal, Dry, Combination, and Oily"
1256,"Normal, Dry, Combination, and Oily "
1257,"Normal, Dry, Combination, and Oily"
1258,"Normal, Dry, Combination, and Oily "
1259,Dry
1260,"Normal, Dry, Combination, and Oily "
1261,Dry
1262,Normal and Dry
1263,"Normal, Dry, Combination, and Oily "
1264,"Normal, Dry, Combination, and Oily "
1265,"Normal, Dry, Combination, and Oily "
1266,"Normal, Dry, Combination, and Oily "
1267,"Normal, Dry, Combination, and Oily "
1268,"Normal, Dry, Combination, and Oily "
1269,"Normal, Dry, Combination, and Oily "
1270,"Normal, Dry, Combination, and Oily "
1271,Combination and Oily 
1272,"Normal, Dry, Combination, and Oily "
1273,"Normal, Dry, Combination, and Oily "
1274,"Normal, Dry, Combination, and Oily "
1275,"Normal, Dry, Combination, and Oily "
1276,"Normal, Dry, Combination, and Oily "
1277,"Normal, Dry, Combination, and Oily "
1278,"Normal, Dry, Combination, and Oily "
1279,Combination and Oily 
1280,"Normal, Dry, Combination, and Oily "
1281,Dry
1282,Normal and Dry
1283,Combination and Oily 
1284,"Normal, Dry, Combination, and Oily "
1285,"Normal, Dry, Combination, and Oily "
1286,Combination and Oily 
1287,Normal and Dry
1288,Dry
1289,Normal 
1290,"Normal, Dry, Combination, and Oily "
1291,"Normal, Dry, Combination, and Oily "
1292,"Normal, Dry, and Combination "
1293,"Normal, Dry, and Combination "
1294,Dry 
1295,"Normal, Dry, and Combination "
1296,"Normal, Dry, Combination, and Oily "
1297,"Normal, Dry, Combination, and Oily "
1298,"Normal, Dry, Combination, and Oily "
1299,"Normal, Dry, Combination, and Oily "
1300,"Normal, Dry, Combination, and Oily "
1301,"Normal, Dry, Combination, and Oily "
1302," Combination, and Oily "
1303,"Normal, Dry, Combination, and Oily "
1304,Combination 
1305,"Normal, Dry, Combination, and Oily "
1306,"Normal, Dry, Combination, and Oily "
1307,"Normal, Dry, Combination, and Oily "
1308,"Normal, Dry, Combination, and Oily "
1309,"Normal, Dry, Combination, and Oily "
1310,"Normal, Dry, Combination, and Oily "
1311,"Normal, Dry, Combination, and Oily "
1312,"Normal, Dry, Combination, and Oily "
1313,"Normal, Dry, Combination, and Oily "
1314,"Combination, and Oily "
1315,"Normal, Dry, Combination, and Oily "
1316,"Normal, Dry, Combination, and Oily "
1317,"Normal, Dry, Combination, and Oily "
1318,"Normal, Dry, Combination, and Oily "
1319,Oily 
1320,"Normal, Dry, Combination, and Oily "
1321,"Normal, Dry, Combination, and Oily "
1322,Normal and Dry
1323,"Normal, Dry, Combination, and Oily "
1324,"Combination, and Oily "
1325,Oily 
1326,"Combination, and Oily "
1327,"Combination, and Oily "
1328,"Normal, Dry, Combination, and Oily "
1329,"Combination, Oily"
1330,Normal
1331,"Normal, Dry, Combination"
1332,"Normal, Dry, Combination"
1333,Oily 
1334,"Normal, Dry, Combination, and Oily "
1335,"Normal, Dry, Combination, and Oily "
1336,Dry
1337,"Combination, Oily"
1338,Oily 
1339,"Combination, Oily"
1340,Normal and Dry
1341,Normal and Dry
1342,"Normal, Dry, Combination, and Oily "
1343,"Combination, Oily"
1344,"Normal, Dry, Combination, and Oily "
1345,Oily 
1346,"Normal, Dry, and Combination "
1347,"Normal, Dry, and Combination "
1348,"Normal, Dry, and Combination "
1349,"Normal, Dry, and Combination "
1350,"Normal, Dry, Combination, and Oily "
1351,"Normal, Dry, Combination, and Oily "
1352,"Normal, Dry, Combination, and Oily "
1353,Dry 
1354,"Normal, Dry, Combination, and Oily "
1355,Dry 
1356,"Normal, Dry, Combination, and Oily "
1357,Dry 
1358,"Combination, Oily"
1359,"Normal, Dry, Combination, and Oily "
1360,Normal and Dry
1361,"Normal, Dry, Combination, and Oily "
1362,Normal and Dry
1363,"Normal, Dry, Combination, and Oily "
1364,"Combination, Oily"
1365,"Normal, Dry, Combination, and Oily "
1366,"Normal, Dry, Combination, and Oily "
1367,"Normal, Dry, Combination, and Oily "
1368,"Normal, Dry, Combination, and Oily  "
1369,Normal and Dry
1370,Normal and Dry
1371,Normal and Dry
1372,"Normal, Dry, Combination, and Oily "
1373,"Normal, Combination, and Oily"
1374,"Combination, Oily"
1375,Sensitive
1376,"Normal, Dry, Combination, and Oily "
1377,"Combination, Oily"
1378,"Normal, Dry, Combination, and Oily "
1379,"Normal, Dry, Combination, and Oily "
1380,"Normal, Dry, Combination, and Oily "
1381,"Normal, Dry, Combination, and Oily "
1382,"Normal, Dry, Combination, and Oily "
1383,Dry
1384,Normal and Dry
1385,Normal and Dry
1386,"Normal, Dry, Combination, and Oily "
1387,"Normal, Dry, Combination, and Oily "
1388,"Normal, Dry, Combination, and Oily "
1389,"Normal, Dry, Combination, and Oily "
1390,Combination and Oily 
1391,Normal and Dry
1392,Combination and Oily 
1393,"Normal, Dry, Combination, and Oily "
1394,Combination and Oily 
1395,Normal and Dry
1396,"Normal, Dry, Combination, and Oily "
1397,Normal and Dry
1398,"Normal, Dry, Combination, and Oily "
1399,Combination and Oily 
1400,Combination and Oily 
1401,Normal and Dry
1402,Sensitive
1403,Normal and Dry 
1404,Combination and Oily 
1405,"Normal, Dry, Combination, and Oily "
1406,"Normal, Dry, Combination, and Oily "
1407,"Normal, Dry, Combination, and Oily "
1408,"Normal, Dry, Combination, and Oily "
1409,"Normal, Dry, Combination, and Oily "
1410,Normal and Dry 
1411,Normal and Dry 
1412,Normal and Dry 
1413,Dry
1414,Dry
1415,Combination and Oily 
1416,Combination and Oily 
1417,Dry
1418,Combination and Oily 
1419,"Normal, Dry, Combination, and Oily "
1420,"Normal, Dry, Combination, and Oily "
1421,"Normal, Dry, Combination, and Oily "
1422,"Normal, Dry, Combination, and Oily "
1423,"Normal, Dry, Combination, and Oily "
1424,Normal and Dry 
1425,Normal and Dry 
1426,"Normal, Dry, and Combination "
1427,Dry
1428,"Normal, Dry, and Combination "
1429,"Normal, Dry, and Combination "
1430,Combination and Oily 
1431,"Normal, Dry, Combination, and Oily"
1432,"Normal, Dry, Combination"
1433,"Normal, Dry, Combination, and Oily"
1434,"Normal, Combination, and Oily "
1435,"Normal, Dry, and Combination "
1436,"Normal, Dry, Combination, and Oily"
1437,"Normal, Combination, and Oily "
1438,"Normal, Dry, Combination, and Oily"
1439,"Normal, Dry, Combination, and Oily"
1440,"Normal, Dry, Combination, and Oily"
1441,"Normal, Dry, Combination, and Oily "
1442,"Normal, Dry, Combination, and Oily "
1443,"Normal, Combination, and Oily "
1444,"Normal, Dry, and Combination "
1445,"Normal, Dry, Combination, and Oily "
1446,"Normal, Combination, and Oily"
1447,Combination and Oily
1448,"Normal, Dry, Combination, and Oily"
1449,"Normal, Dry, and Combination "
1450,"Normal, Dry, Combination, and Oily"
1451,"Normal, Dry, Combination, and Oily"
1452,"Normal, Dry, Combination, and Oily"
1453,"Normal, Dry, Combination, and Oily "
1454,"Normal, Dry, Combination, and Oily "
1455,Combination and Oily
1456,Combination and Oily
1457,Combination and Oily
1458,"Normal, Dry, Combination, and Oily "
1459,"Normal, Dry, Combination, and Oily"
1460,"Normal, Dry, Combination, and Oily"
1461,Normal and Dry
1462,"Normal, Dry, Combination, and Oily "
1463,Combination and Oily
1464,"Normal, Dry, Combination, and Oily"
1465,"Normal, Dry, Combination, and Oily"
1466,"Normal, Dry, Combination, and Oily"
1467,"Normal, Dry, Combination, and Oily"
1468,"Normal, Dry, Combination, and Oily "
1469,"Normal, Dry, Combination, and Oily "
1470,"Normal, Dry, Combination, and Oily"
1471,"Normal, Dry, Combination, and Oily "
1472,"Normal, Dry, Combination, and Oily "
1473,"Normal, Dry, Combination, and Oily "
1474,"Normal, Dry, Combination, and Oily "
1475,"Normal, Dry, Combination, and Oily "
1476,"Normal, Dry, Combination, and Oily "
1477,"Normal, Dry, Combination, and Oily "
1478,"Normal, Dry, Combination, and Oily "
1479,"Normal, Dry, Combination, and Oily "
1480,"Normal, Dry, Combination, and Oily "
1481,"Normal, Dry, Combination, and Oily"
1482,Combination and Oily
1483,"Normal, Dry, Combination, and Oily "
1484,"Normal, Dry, Combination, and Oily "
1485,"Normal, Dry, Combination, and Oily "
1486,"Normal, Dry, Combination, and Oily "
1487,"Normal, Dry, Combination, and Oily "
1488,"Normal, Dry, Combination, and Oily "
1489,Combination and Oily
1490,"Dry, Sensitive, and Normal  "
1491,Combination and Oily
1492,"Normal, Dry, Combination, and Oily "
1493,Combination and Oily
1494,"Normal, Dry, Combination, and Oily "
1495,"Normal, Dry, Combination, and Oily "
1496,Combination and Oily
1497,"Normal, Dry, Combination, and Oily "
1498,"Normal, Dry, Combination, and Oily "
1499,Normal and Dry
1500,Combination and Oily
1501,Combination and Oily
1502,"Normal, Dry, Combination, and Oily "
1503,"Normal, Dry, Combination, and Oily "
1504,"Normal, Dry, Combination, and Oily "
1505,Combination and Oily
1506,"Normal, Dry, Combination, and Oily "
1507,"Normal, Dry, Combination, and Oily "
1508,"Normal, Dry, Combination, and Oily "
1509,"Normal, Dry, Combination, and Oily "
1510,"Normal, Dry, Combination, and Oily "
1511,"Normal, Dry, Combination, and Oily "
1512,Normal and Dry
1513,Combination and Oily
1514,Combination and Oily
1515,"Normal, Dry, Combination, and Oily "
1516,"Normal, Dry, Combination, and Oily "
1517,"Normal, Dry, Combination, and Oily "
1518,"Normal, Dry, Combination, and Oily "
1519,"Normal, Dry, Combination, and Oily "
1520,"Normal, Dry, Combination, and Oily "
1521,"Normal, Dry, Combination, and Oily "
1522,Combination and Oily
1523,Dry
1524,Dry
1525,"Normal, Dry, Combination, and Oily "
1526,"Normal, Dry, Combination, and Oily "
1527,"Normal, Dry, Combination, and Oily "
1528,"Normal, Dry, Combination, and Oily "
1529,"Normal, Dry, Combination, and Oily "
1530,"Normal, Dry, Combination, and Oily "
1531,Sensitive
1532,Dry 
1533,"Normal, Dry, Combination, and Oily "
1534,"Normal, Dry, Combination, and Oily "
1535,"Normal, Dry, Combination, and Oily "
1536,"Normal, Dry, Combination, and Oily "
1537,"Normal, Dry, Combination, and Oily "
1538,"Normal, Dry, Combination, and Oily "
1539,"Normal, Combination, and Oily "
1540,"Normal, Dry, Combination, and Oily "
1541,"Normal, Dry, Combination, and Oily "
1542,"Normal, Dry, Combination, and Oily "
1543,"Normal, Dry, Combination, and Oily "
1544,"Normal, Dry, Combination, and Oily "
1545,"Normal, Dry, Combination, and Oily "
1546,"Normal, Dry, Combination, and Oily "
1547,"Normal, Dry, Combination, and Oily "
1548,"Normal, Dry, Combination, and Oily "
1549,Combination and Oily
1550,"Normal, Dry, Combination, and Oily "
1551,"Normal, Dry, Combination, and Oily "
1552,"Normal, Dry, Combination, and Oily "
1553,"Normal, Dry, Combination, and Oily "
1554,"Normal, Dry, Combination, and Oily "
1555,"Normal, Dry, Combination, and Oily "
1556,"Normal, Dry, Combination, and Oily "
1557,"Normal, Dry, Combination, and Oily "
1558,"Normal, Dry, Combination, and Oily "
1559,Normal and Dry
1560,"Combination, Oily"
1561,"Normal, Dry, Combination, and Oily "
1562,"Normal, Dry, Combination, and Oily "
1563,"Normal, Dry, Combination, and Oily "
1564,"Normal, Dry, Combination, and Oily "
1565,"Normal, Dry, Combination, and Oily"
1566,"Normal, Dry, Combination, and Oily"
1567,"Normal, Dry, Combination, and Oily"
1568,"Normal, Dry, Combination, and Oily "
1569,"Normal, Dry, Combination, and Oily"
1570,"Normal, Dry, Combination, and Oily"
1571,"Normal, Dry, Combination, and Oily"
1572,"Normal, Dry, Combination, and Oily"
1573,Combination and Oily
1574,"Normal, Dry, Combination, and Oily "
1575,"Normal, Dry, Combination, and Oily "
1576,"Normal, Dry, Combination, and Oily "
1577,Normal and Dry
1578,Combination and Oily
1579,Combination and Oily
1580,Combination and Oily
1581,Combination and Oily
1582,Combination and Oily
1583,Combination and Oily
1584,"Normal, Dry, Combination, and Oily "
1585,Combination and Oily
1586,Combination and Oily
1587,Combination and Oily
1588,"Normal, Dry, Combination, and Oily "
1589,"Normal, Dry, Combination, and Oily "
1590,"Normal, Dry, Combination, and Oily "
1591,Dry 
1592,"Normal, Dry, Combination, and Oily "
1593,Combination and Oily
1594,"Normal, Dry, Combination, and Oily "
1595,Combination and Oily
1596,"Normal, Dry, Combination, and Oily "
1597,"Normal, Dry, Combination, and Oily "
1598,"Normal, Dry, Combination, and Oily "
1599,Combination 
1600,Combination and Oily
1601,Combination and Oily
1602,"Normal, Dry, Combination, and Oily "
1603,"Normal, Dry, Combination, and Oily "
1604,"Normal, Dry, Combination, and Oily "
1605,"Normal, Dry, Combination, and Oily "
1606,Normal and Dry
1607,"Normal, Dry, Combination, and Oily "
1608,Combination and Oily
1609,Combination and Oily
1610,"Normal, Combination, and Oily "
1611,"Normal, Combination, and Oily "
1612,"Normal, Combination, and Oily "
1613,Normal and Dry
1614,Normal and Dry
1615,Normal and Dry
1616,Normal and Dry
1617,Combination and Oily
1618,"Normal, Dry, Combination, and Oily "
1619,"Normal, Dry, Combination, and Oily "
1620,Normal and Dry
1621,Oily 
1622,"Normal, Dry, Combination, and Oily "
1623,Normal and Dry
1624,Normal and Dry
1625,"Normal, Dry, Combination, and Oily "
1626,"Normal, Dry, Combination, and Oily "
1627,Normal and Dry
1628,Normal 
1629,"Normal, Dry, Combination, and Oily "
1630,Normal and Dry 
1631,Normal and Dry 
1632,Dry 
1633,Normal and Dry 
1634,Normal and Dry 
1635,"Normal, Dry, Combination, and Oily "
1636,"Normal, Dry, Combination, and Oily "
1637,"Normal, Dry, Combination, and Oily "
1638,"Normal, Dry, Combination, and Oily "
1639,Normal 
1640,"Normal, Dry, Combination, and Oily "
1641,"Normal, Dry, Combination, and Oily "
1642,Normal and Dry 
1643,"Normal, Dry, Combination, and Oily "
1644,Normal and Combination 
1645,Normal 
1646,Normal 
1647,"Normal, Dry, Combination, and Oily "
1648,"Normal, Dry, Combination, and Oily "
1649,"Normal, Dry, Combination, and Oily "
1650,"Normal, Dry, Combination, and Oily "
1651,"Normal, Dry, Combination, and Oily "
1652,"Normal, Dry, Combination, and Oily "
1653,Normal and Oily 
1654,Normal and Oily 
1655,Normal and Dry
1656,Normal and Dry
1657,Normal and Dry
1658,"Normal, Combination, and Oily"
1659,Sensitive
1660,"Normal, Dry, Combination, and Oily "
1661,"Normal, Dry, Combination, and Oily "
1662,"Normal, Dry, and Oily "
1663,"Normal, Combination, and Oily "
1664,"Normal, Dry, Combination, and Oily "
1665,"Normal, Dry, Combination, and Oily "
1666,Normal and Dry
1667,"Normal, Dry, Combination, and Oily"
1668,"Normal, Dry, Combination, and Oily"
1669,"Normal, Dry, Combination, and Oily"
1670,"Normal, Dry, Combination, and Oily"
1671,"Normal, Dry, Combination, and Oily"
1672,"Normal, Dry, Combination, and Oily "
1673,Combination and Oily
1674,"Normal, Dry, Combination, and Oily "
1675,Dry 
1676,Combination and Oily
1677,"Normal, Dry, Combination, and Oily "
1678,Combination and Oily
1679,"Normal, Dry, Combination, and Oily"
1680,Normal 
1681,"Normal, Dry, Combination, and Oily"
1682,"Normal, Dry, Combination, and Oily"
1683,"Normal, Dry, Combination, and Oily "
1684,Normal and Dry
1685,"Normal, Dry, Combination, and Oily "
1686,Combination and Oily
1687,"Normal, Dry, Combination, and Oily "
1688,Combination and Oily
1689,"Normal, Dry, Combination, and Oily "
1690,"Normal, Dry, Combination, and Oily "
1691,"Normal, Dry, Combination, and Oily "
1692,Normal and Dry 
1693,"Normal, Dry, and Oily "
1694,"Normal, Dry, Combination, and Oily"
1695,"Normal, Dry, Combination, and Oily "
1696,"Normal, Dry, Combination, and Oily "
1697,"Normal, Dry, Combination, and Oily "
1698,"Normal, Dry, Combination, and Oily "
1699,Combination and Oily
1700,Normal and Dry 
1701,"Normal, Dry, Combination, and Oily "
1702,"Normal, Dry, Combination, and Oily "
1703,Normal and Dry 
1704,"Normal, Dry, Combination, and Oily "
1705,Combination and Oily
1706,Combination and Oily
1707,Combination and Oily
1708,Combination and Oily
1709,"Normal, Dry, Combination, and Oily "
1710,Combination and Oily
1711,"Normal, Dry, Combination, and Oily "
1712,"Normal, Dry, Combination, and Oily "
1713,"Normal, Dry, Combination, and Oily "
1714,"Normal, Dry, Combination, and Oily "
1715,"Normal, Dry, Combination, and Oily "
1716,"Normal, Dry, Combination, and Oily "
1717,"Normal, Dry, Combination, and Oily"
1718,"Normal, Dry, Combination, and Oily "
1719,Normal and Dry
1720,Dry
1721,"Normal, Dry, Combination, and Oily "
1722,Combination and Oily
1723,Dry
1724,Combination and Oily
1725,"Normal, Dry, Combination, and Oily"
1726,Combination and Oily
1727,"Normal, Dry, Combination, and Oily"
1728,Combination and Oily
1729,"Normal, Dry, Combination, and Oily"
1730,"Normal, Dry, Combination, and Oily"
1731,"Normal, Dry, Combination, and Oily"
1732,"Normal, Dry, Combination, and Oily"
1733,Dry
1734,"Normal, Dry, Combination, and Oily"
1735,"Normal, Dry, Combination, and Oily"
1736,"Normal, Dry, Combination, and Oily"
1737,"Normal, Dry, Combination, and Oily"
1738,"Normal, Dry, Combination, and Oily"
1739,"Normal, Dry, Combination, and Oily"
1740,"Normal, Dry, Combination, and Oily"
1741,"Normal, Dry, Combination, and Oily"
1742,"Normal, Dry, Combination, and Oily"
1743,"Normal, Dry, Combination, and Oily"
1744,"Normal, Dry, Combination, and Oily"
1745, Combination and Oily 
1746,"Normal, Combination, and Oily "
1747,"Normal, Combination, and Oily "
1748,"Normal, Dry, Combination, and Oily"
1749,"Normal, Dry, Combination, and Oily"
1750,"Normal, Dry, Combination, and Oily"
1751,"Normal, Combination, and Oily "
1752,Normal and Dry
1753,Combination and Oily 
1754,"Normal, Dry, Combination, and Oily "
1755,Normal 
1756,"Normal, Dry, Combination, and Oily "
1757,"Normal, Combination, and Oily "
1758,"Normal, Dry, Combination, and Oily "
1759,Normal 
1760,Normal and Dry 
1761,"Normal, Dry, Combination, and Oily "
1762,"Normal, Dry, Combination, and Oily "
1763,"Normal, Dry, Combination, and Oily "
1764,"Normal, Combination, and Oily "
1765,"Normal, Dry, Combination, and Oily "
1766,"Normal, Dry, Combination, and Oily "
1767,Dry 
1768,"Normal, Dry, Combination, and Oily "
1769,Normal 
1770,"Normal, Dry, Combination, and Oily "
1771,Combination and Oily 
1772,Normal 
1773,"Normal, Dry, Combination, and Oily "
1774,Normal 
1775,Combination and Oily 
1776,"Normal, Dry, Combination, and Oily "
1777,"Normal, Dry, Combination, and Oily "
1778,"Normal, Dry, Combination, and Oily "
1779,"Normal, Dry, Combination, and Oily "
1780,"Normal, Dry, Combination, and Oily "
1781,"Normal, Dry, Combination, and Oily "
1782,"Normal, Dry, Combination, and Oily "
1783,"Normal, Dry, Combination, and Oily "
1784,"Normal, Dry, Combination, and Oily "
1785,"Normal, Dry, Combination, and Oily "
1786,"Normal, Dry, Combination, and Oily "
1787,Normal and Dry 
1788,"Normal, Dry, Combination, and Oily "
1789,Combination and Oily 
1790,"Normal, Dry, Combination, and Oily "
1791,"Normal, Dry, Combination, and Oily "
1792,"Normal, Dry, Combination, and Oily "
1793,Normal and Dry 
1794,"Normal, Dry, Combination, and Oily "
1795,Normal and Dry 
1796,"Normal, Dry, Combination, and Oily "
1797,Normal and Dry 
1798,"Normal, Dry, Combination, and Oily "
1799,"Normal, Dry, Combination, and Oily "
1800,Normal and Dry 
1801,Combination and Oily 
1802,Normal 
1803,Combination and Oily 
1804,Normal 
1805,Combination and Oily 
1806,Normal and Combination
1807,"Normal, Dry, Combination, and Oily "
1808,Combination and Oily 
1809,"Normal, Dry, Combination, and Oily "
1810,"Normal, Dry, Combination, and Oily "
1811,"Normal, Dry, Combination, and Oily "
1812,"Normal, Dry, Combination, and Oily "
1813,Normal and Combination
1814,"Normal, Dry, Combination, and Oily "
1815,"Normal, Dry, Combination, and Oily "
1816,Normal and Combination
1817,Normal and Combination
1818,"Normal, Dry, Combination, and Oily "
1819,Dry 
1820,Normal and Dry
1821,Combination and Oily
1822,Combination and Oily
1823,"Normal, Dry, Combination, and Oily "
1824,"Normal, Dry, Combination, and Oily "
1825,Combination and Oily
1826,Normal and Combination
1827,"Normal, Dry, Combination, and Oily "
1828,"Normal, Dry, Combination, and Oily "
1829,Normal and Combination
1830,Normal and Combination
1831,"Normal, Dry, Combination, and Oily "
1832,"Normal, Dry, Combination, and Oily "
1833,"Normal, Combination, and Oily "
1834,Combination and Oily
1835,Combination and Oily
1836,"Normal, Dry, Combination, and Oily "
1837,"Normal, Dry, Combination, and Oily "
1838,"Normal, Dry, Combination, and Oily "
1839,"Normal, Dry, Combination, and Oily "
1840,"Normal, Dry, Combination, and Oily "
1841,"Normal, Dry, Combination, and Oily "
1842,"Normal, Dry, Combination, and Oily "
1843,"Normal, Dry, Combination, and Oily "
1844,"Normal, Dry, Combination, and Oily "
1845,Dry
1846,"Normal, Dry, Combination, and Oily "
1847,"Normal, Dry, Combination, and Oily "
1848,"Normal, Dry, Combination, and Oily "
1849,Combination and Oily
1850,Normal and Dry
1851,"Normal, Dry, Combination, and Oily "
1852,"Normal, Dry, Combination, and Oily "
1853,Combination and Oily
1854,"Normal, Dry, Combination, and Oily "
1855,"Normal, Dry, Combination, and Oily "
1856,Combination and Oily 
1857,"Normal, Dry, Combination, and Oily "
1858,"Normal, Dry, Combination, and Oily "
1859,Combination and Oily 
1860,"Normal, Dry, Combination, and Oily "
1861,"Normal, Dry, Combination, and Oily "
1862,"Normal, Dry, Combination, and Oily "
1863,"Normal, Dry, Combination, and Oily "
1864,"Normal, Dry, Combination, and Oily "
1865,"Normal, Dry, Combination, and Oily "
1866,Combination and Oily 
1867,"Normal, Dry, Combination, and Oily "
1868,"Normal, Dry, Combination, and Oily "
1869,"Normal, Dry, Combination, and Oily "
1870,"Normal, Dry, Combination, and Oily "
1871,"Normal, Dry, Combination, and Oily "
1872,"Normal, Dry, Combination, and Oily "
1873,Combination and Oily 
1874,"Normal, Dry, Combination, and Oily "
1875,"Normal, Combination, and Oily"
1876,"Normal, Combination, and Oily"
1877,"Normal, Dry, Combination, and Oily "
1878,"Normal, Dry, and Combination"
1879,Combination and Oily 
1880,"Normal, Dry, Combination, and Oily "
1881,"Normal, Dry, Combination, and Oily "
1882,"Normal, Dry, Combination, and Oily "
1883,"Normal, Dry, Combination, and Oily "
1884,"Normal, Dry, Combination, and Oily "
1885,"Normal, Combination, and Oily"
1886,"Normal, Combination, and Oily"
1887,"Normal, Combination, and Oily"
1888,"Normal, Dry, Combination, and Oily "
1889,"Normal, Dry, Combination, and Oily "
1890,"Normal, Dry, Combination, and Oily "
1891,Combination and Oily 
1892,"Normal, Dry, Combination, and Oily "
1893,Combination and Oily 
1894,Dry
1895,Sensitive
1896,Sensitive
1897,Combination and Oily 
1898,Combination and Oily 
1899,"Normal, Combination, and Oily "
1900,Combination and Oily 
1901,"Normal, Combination, and Oily "
1902,Combination and Oily 
1903,"Normal, Dry, Combination, and Oily "
1904,"Normal, Dry, Combination, and Oily "
1905,"Normal, Dry, Combination, and Oily "
1906,"Normal, Dry, Combination, and Oily "
1907,"Normal, Dry, Combination, and Oily "
1908,Combination and Oily 
1909,Combination and Oily 
1910,Combination and Oily 
1911,Combination and Oily 
1912,"Normal, Dry, Combination, and Oily "
1913,"Normal, Dry, Combination, and Oily "
1914,"Normal, Dry, Combination, and Oily "
1915,"Normal, Dry, Combination, and Oily "
1916,Combination and Oily 
1917,Normal and Dry
1918,"Normal, Dry, Combination, and Oily "
1919,Normal and Dry
1920,Combination and Oily 
1921,"Normal, Dry, Combination, and Oily "
1922,Normal and Dry
1923,Normal and Dry
1924,Normal and Dry
1925,Normal and Dry
1926,Normal and Dry
1927,Normal and Dry
1928,Combination and Oily 
1929,"Normal, Dry, Combination, and Oily "
1930,"Normal, Dry, Combination, and Oily "
1931,"Normal, Dry, Combination, and Oily "
1932,"Normal, Dry, Combination, and Oily "
1933,"Normal, Dry, Combination, and Oily "
1934,"Normal, Dry, Combination, and Oily "
1935,"Normal, Dry, Combination, and Oily "
1936,"Normal, Dry, Combination, and Oily "
1937,"Normal, Dry, Combination, and Oily "
1938,"Normal, Dry, Combination, and Oily "
1939,"Normal, Dry, Combination, and Oily "
1940,"Normal, Dry, Combination, and Oily "
1941,"Normal, Dry, Combination, and Oily "
1942,"Normal, Dry, Combination, and Oily "
1943,"Normal, Dry, Combination, and Oily "
1944,"Normal, Dry, Combination, and Oily "
1945,"Normal, Dry, Combination, and Oily "
1946,"Normal, Dry, Combination, and Oily "
1947,"Normal, Dry, Combination, and Oily "
1948,Normal and Dry
1949,"Normal, Dry, Combination, and Oily "
1950,Combination and Oily
1951,"Normal, Dry, Combination, and Oily "
1952,Combination and Oily
1953,Normal and Dry
1954,"Normal, Dry, Combination, and Oily "
1955,Normal and Dry
1956,Normal and Dry
1957,"Normal, Dry, Combination, and Oily "
1958,"Normal, Dry, Combination, and Oily "
1959,Combination and Oily
1960,Dry
1961,Dry
1962,Combination and Oily
1963,Combination and Oily
1964,Normal and Dry
1965,Normal and Dry
1966,"Normal, Dry, Combination, and Oily "
1967,"Normal, Dry, and Combination"
1968,Normal and Dry
1969,Normal and Dry
1970,Normal and Dry
1971,"Normal, Dry, Combination, and Oily "
1972,"Normal, Dry, Combination, and Oily "
1973,"Normal, Dry, Combination, and Oily "
1974,Normal and Dry
1975,Combination and Oily
1976,"Normal, Dry, Combination, and Oily "
1977,"Normal, Dry, Combination, and Oily "
1978,"Normal, Dry, Combination, and Oily "
1979,"Normal, Dry, Combination, and Oily "
1980,Combination and Oily
1981,"Normal, Dry, Combination, and Oily "
1982,Normal and Dry
1983,Combination and Oily
1984,"Normal, Dry, Combination, and Oily "
1985,"Normal, Dry, Combination, and Oily "
1986,Combination and Oily
1987,"Normal, Dry, Combination, and Oily "
1988,Combination and Oily
1989,"Normal, Dry, Combination, and Oily "
1990,"Normal, Combination, and Oily "
1991,"Normal, Dry, Combination, and Oily "
1992,"Normal, Dry, Combination, and Oily "
1993,Combination and Oily
1994,"Normal, Dry, Combination, and Oily "
1995,Normal and Dry
1996,Combination and Oily
1997,Combination and Oily
1998,"Normal, Dry, Combination, and Oily "
1999,"Normal, Dry, Combination, and Oily "
2000,Combination and Oily
2001,Normal and Dry
2002,Combination and Oily
2003,Normal 
2004,"Normal, Dry, Combination, and Oily "
2005,"Normal, Dry, Combination, and Oily "
2006,"Normal, Dry, Combination, and Oily "
2007,Dry 
2008,"Normal, Dry, Combination, and Oily "
2009,Dry 
2010,"Normal, Dry, Combination, and Oily "
2011,"Normal, Combination, and Oily "
2012,"Normal, Dry, Combination, and Oily "
2013,"Normal, Dry, Combination, and Oily "
2014,"Normal, Dry, Combination, and Oily "
2015,Sensitive
2016,Normal and Dry
2017,Combination and Oily
2018,"Normal, Dry, Combination, and Oily "
2019,Oily 
2020,Oily 
2021,"Normal, Dry, Combination, and Oily "
2022,"Normal, Dry"
2023,"Normal, Dry, Combination, and Oily "
2024,"Normal, Dry, Combination, and Oily "
2025,"Normal, Dry, Combination, and Oily "
2026,"Normal, Dry, Combination, and Oily "
2027,Dry
2028,Normal and Combination 
2029,Normal and Combination 
2030,Normal and Combination 
2031,"Normal, Dry, Combination, and Oily "
2032,"Normal, Dry, Combination, and Oily "
2033,Oily 
2034,"Normal, Dry, Combination, and Oily "
2035,"Normal, Combination, and Oily "
2036,"Normal, Dry, Combination, Oily, and Sensitive "
2037,"Normal, Dry, Combination, and Oily "
2038,"Normal, Dry, Combination, and Oily "
2039,"Normal, Dry, Combination, and Oily "
2040,Dry
2041,"Normal, Dry, Combination, and Oily "
2042,Dry
2043,Combination and Oily
2044,Normal and Dry
2045,Dry 
2046,Dry 
2047,Normal and Dry
2048,Dry 
2049,Combination and Oily
2050,Normal and Dry
2051,Dry
2052,"Normal, Combination, and Oily "
2053,"Normal, Dry, Combination, and Oily "
2054,"Normal, Dry, Combination, and Oily "
2055,"Normal, Dry, and Combination "
2056,"Normal, Dry, and Combination "
2057,"Normal, Dry, Combination, and Oily "
2058,"Normal, Dry, Combination, and Oily "
2059,"Normal, Dry, Combination, and Oily "
2060,"Normal, Dry, Combination, and Oily "
2061,Dry
2062,Normal and Dry
2063,"Normal, Dry, Combination, and Oily "
2064,"Normal, Dry, Combination, and Oily "
2065,Dry
2066,Dry
2067,"Normal, Dry, Combination, and Oily "
2068,"Normal, Dry, Combination, and Oily "
2069,"Normal, Dry, Combination, and Oily "
2070,"Normal, Dry, Combination, and Oily "
2071,"Normal, Dry, Combination, and Oily "
2072,"Normal, Dry, Combination, and Oily "
2073,Dry
2074,Combination and Oily
2075,"Normal, Dry, Combination, and Oily "
2076,"Normal, Dry, Combination, and Oily "
2077,"Normal, Dry, Combination, and Oily "
2078,"Normal, Dry, and Combination"
2079,Combination and Oily
2080,Normal and Dry
2081,Dry
2082,"Normal, Dry, Combination, and Oily "
2083,Combination and Oily
2084,Dry
2085,"Normal, Dry, Combination, and Oily "
2086,Sensitive
2087,"Normal, Dry, Combination, and Oily "
2088,"Normal, Dry, Combination, and Oily "
2089,Combination and Oily
2090,"Normal, Dry, Combination, and Oily "
2091,"Normal, Dry, Combination, and Oily "
2092,Normal and Dry
2093,"Normal, Dry, Combination, and Oily "
2094,"Normal, Dry, Combination, and Oily "
2095,"Normal, Dry, Combination, and Oily "
2096,"Normal, Dry, Combination, and Oily "
2097,"Normal, Dry, Combination, and Oily "
2098,"Normal, Dry, Combination, and Oily "
2099,"Normal, Dry, Combination, and Oily "
2100,"Normal, Dry, Combination, and Oily "
2101,"Normal, Dry, Combination, and Oily "
2102,"Normal, Dry, Combination, and Oily "
2103,Normal and Dry
2104,Normal and Dry
2105,Normal and Dry
2106,Normal and Dry
2107,Normal and Dry
2108,Normal and Dry
2109,"Normal, Dry, Combination, and Oily "
2110,"Normal, Dry, Combination, and Oily "
2111,"Normal, Dry, Combination, and Oily "
2112,"Normal, Dry, Combination, and Oily "
2113,"Normal, Dry, Combination, and Oily "
2114,Normal and Dry
2115,Normal and Dry
2116,"Normal, Dry, and Combination "
2117,"Normal, Dry, and Combination "
2118,"Normal, Dry, and Combination "
2119,"Normal, Dry, Combination, and Oily "
2120,"Normal, Dry, and Combination "
2121,"Normal, Dry, Combination, and Oily "
2122,"Normal, Dry, Combination, and Oily "
2123,"Normal, Dry, Combination, and Oily "
2124,"Normal, Dry, Combination, and Oily "
2125,"Normal, Dry, Combination, and Oily "
2126,"Normal, Dry, Combination, and Oily "
2127,"Normal, Dry, Combination, and Oily "
2128,"Normal, Dry, Combination, and Oily"
2129,Normal
2130,"Normal, Dry, Combination, and Oily "
2131,"Normal, Dry, Combination, and Oily "
2132,"Normal, Dry, Combination, and Oily "
2133,"Normal, Dry, Combination, and Oily "
2134,"Normal, Dry, Combination, and Oily "
2135,"Normal, Dry, Combination, and Oily "
2136,"Normal, Dry, Combination, and Oily "
2137,"Normal, Dry, Combination, and Oily "
2138,"Normal, Dry, Combination, and Oily "
2139,Combination and Oily
2140,Oily and Combination 
2141,"Normal, Dry, Combination, and Oily "
2142,"Normal, Dry, Combination, and Oily "
2143,"Normal, Dry, Combination, and Oily "
2144,"Normal, Dry, Combination, and Oily "
2145,"Normal, Dry, Combination, and Oily "
2146,"Normal, Dry, Combination, and Oily "
2147,"Normal, Dry, Combination, and Oily "
2148,"Normal, Dry, Combination, and Oily "
2149,"Normal, Dry, Combination, and Oily "
2150,"Normal, Dry, Combination, and Oily "
2151,"Normal, Dry, Combination, and Oily "
2152,"Normal, Dry, Combination, and Oily "
2153,"Normal, Dry, Combination, and Oily "
2154,"Normal, Dry, Combination, and Oily "
2155,Sensitive
2156,"Normal, Dry, Combination, and Oily "
2157,"Normal, Dry, Combination, and Oily "
2158,"Normal, Dry, Combination, and Oily "
2159,"Normal, Dry, Combination, and Oily "
2160,"Normal, Dry, Combination, and Oily "
2161,"Normal, Dry, Combination, and Oily "
2162,"Normal, Dry, Combination, and Oily "
2163,"Normal, Dry, Combination, and Oily "
2164,"Normal, Dry, Combination, and Oily "
2165,"Normal, Dry, Combination, and Oily "
2166,"Normal, Dry, Combination, and Oily "
2167,"Normal, Dry, Combination, and Oily "
2168,"Normal, Dry, Combination, and Oily "
2169,"Normal, Dry, Combination, and Oily "
2170,"Normal, Dry, Combination, and Oily "
2171,"Normal, Dry, Combination, and Oily "
2172,"Normal, Dry, Combination, and Oily "
2173,"Normal, Dry, Combination, and Oily "
2174,"Normal, Dry, Combination, and Oily "
2175,"Normal, Dry, Combination, and Oily "
2176,"Normal, Dry, Combination, and Oily "
2177,"Normal, Dry, and Combination"
2178,"Normal, Dry, and Combination"
2179,"Normal, Dry, and Combination"
2180,Oily and Combination 
2181,Oily and Combination 
2182,"Normal, Dry, Combination, and Oily "
2183,Dry
2184,"Normal, Dry, and Combination"
2185,Dry
2186,"Normal, Dry, and Combination"
2187,Normal and Dry 
2188,Normal and Dry 
2189,"Normal, Dry, Combination, and Oily "
2190,"Normal, Dry, and Combination"
2191,"Normal, Dry, and Combination"
2192,"Normal, Dry, Combination, and Oily "
2193,"Normal, Dry, and Combination"
2194,"Normal, Dry, and Combination"
2195,Normal and Dry 
2196,"Normal, Dry, Combination, and Oily "
2197,"Normal, Dry "
2198,"Normal, Combination, and Oily "
2199,Combination and Oily
2200,"Normal, Dry, Combination, and Oily "
2201,Combination and Oily
2202,Combination and Oily
2203,"Normal, Dry, Combination, and Oily "
2204,Combination and Oily
2205,Combination and Oily
2206,Sensitive
2207,"Normal, Dry, Combination, and Oily"
2208,"Normal, Dry, Combination, and Oily"
2209,"Normal, Dry, Combination, and Oily"
2210,Combination and Oily
2211,Combination and Oily
2212,Combination and Oily
2213,Combination and Oily
2214,Combination and Oily
2215,"Normal, Dry, Combination, and Oily"
2216,"Normal, Dry, Combination, and Oily"
2217,"Normal, Dry, Combination, and Oily"
2218,"Normal, Dry, Combination, and Oily"
2219,"Normal, Dry, Combination, and Oily"
2220,"Normal, Dry, Combination, and Oily"
2221,"Normal, Dry, Combination, and Oily"
2222,"Normal, Dry, Combination, and Oily "
2223,Combination and Oily
2224,"Normal, Dry, Combination, and Oily"
2225,"Normal, Combination, and Oily "
2226,Combination and Oily
2227,Combination and Oily
2228,"Normal, Dry, Combination, and Oily "
2229,Oily and Combination 
2230,Oily and Combination 
2231,Dry and Combination 
2232,Dry and Combination
2233,Oily and Combination 
2234,"Normal, Dry, Combination, and Oily "
2235,Oily and Combination
2236,"Normal, Dry, Combination, and Oily "
2237,Dry and Combination
2238,"Normal, Dry, Combination, and Oily "
2239,"Normal, Dry, Combination, and Oily "
2240,Dry and Combination 
2241,"Normal, Dry, Combination, and Oily "
2242,Combination and Oily 
2243,Dry 
2244,"Normal, Dry, Combination, and Oily "
2245,"Normal, Combination, and Oily "
2246, Dry 
2247,"Normal, Dry, Combination, and Oily "
2248,Dry 
2249,"Normal, Dry, Combination, and Oily "
2250, Dry 
2251,"Normal, Dry, Combination, and Oily "
2252,Dry 
2253,"Normal, Dry, Combination, and Oily "
2254, Dry 
2255,"Normal, Dry, Combination, and Oily "
2256,Normal and Dry
2257,"Normal, Dry, Combination, and Oily "
2258,"Normal, Dry, Combination, and Oily "
2259,"Normal, Dry, Combination, and Oily "
2260,"Normal, Combination, and Oily "
2261,"Normal, Dry, Combination, and Oily "
2262,"Normal, Combination, and Oily "
2263,"Normal, Combination, and Oily "
2264,Combination and Oily
2265,Dry
2266,Combination and Oily
2267,Combination and Oily
2268,"Normal, Combination, and Oily "
2269,"Normal, Combination, and Oily "
2270,Combination and Oily
2271,"Normal, Dry, Combination, and Oily "
2272,"Normal, Dry, Combination, and Oily "
2273,Normal and Dry  
2274,Normal and Dry  
2275,"Normal, Dry, Combination, and Oily "
2276,"Normal, Dry, Combination, and Oily "
2277,"Normal, Dry, Combination, and Oily "
2278,"Normal, Dry, Combination, and Oily "
2279,"Normal, Dry, Combination, and Oily "
2280,"Normal, Dry, Combination, and Oily "
2281,Normal and Dry  
2282,Normal and Dry  
2283,"Normal, Combination, and Oily "
2284,"Normal, Dry, Combination, and Oily "
2285,Normal and Dry  
2286,"Normal, Dry, Combination, and Oily "
2287,"Normal, Dry, Combination, and Oily "
2288,"Normal, Dry, Combination, and Oily "
2289,"Normal, Dry, and Oil"
2290,"Normal, Dry, and Oil"
2291,"Dry, Sensitive, and Normal  "
2292,Normal and Dry  
2293,Normal and Dry  
2294,Normal and Dry  
2295,"Dry, Sensitive, and Normal  "
2296,"Dry, Sensitive, and Normal  "
2297,"Normal, Dry, Combination, and Oily "
2298,"Normal, Dry, Combination, and Oily "
2299,"Normal, Dry, Combination, Oily"
2300,"Dry, Sensitive, and Normal  "
2301,Combination and Oily 
2302,"Normal, Dry, and Oil"
2303,"Normal, Dry, and Oil"
2304,"Normal, Dry, Combination, and Oily "
2305,"Normal, Combination, and Oily "
2306,"Normal, Combination, and Oily "
2307,Dry 
2308,Dry 
2309,Combination 
2310,"Normal, Combination, and Oily "
2311,Dry 
2312,"Normal, Dry, Combination, and Oily "
2313,Combination 
2314,Normal 
2315,"Normal, Combination, and Oily "
2316,Dry 
2317,"Normal, Dry, Combination, and Oily "
2318,Combination 
2319,Normal 
2320,"Normal, Dry, Combination, and Oily "
2321,"Normal, Dry, Combination, and Oily "
2322,"Normal, Dry, Combination, and Oily "
2323,Combination and Oily
2324,Combination and Oily
2325,Normal
2326,Normal
2327,"Normal, Dry, Combination, and Oily "
2328,"Normal, Dry, Combination, and Oily "
2329, Combination and Oily 
2330,"Normal, Dry, Combination, and Oily "
2331, Combination and Oily 
2332, Combination and Oily 
2333,Normal
2334,Normal 
2335, Combination and Oily 
2336,"Normal, Dry, Combination, and Oily "
2337,"Normal, Dry, Combination, and Oily "
2338,"Normal, Dry, Combination, and Oily "
2339,"Normal, Dry, Combination, and Oily "
2340,"Normal, Dry, Combination, and Oily "
2341,"Normal, Dry, Combination, and Oily "
2342,"Normal, Dry, Combination, and Oily "
2343,"Normal, Dry, Combination, and Oily "
2344,"Normal, Dry, Combination, and Oily "
2345,"Normal, Dry, Combination, and Oily "
2346,"Normal, Dry, Combination, and Oily "